{
  "questions": [
    {
      "questionText": "Does Angular support two way binding?",
      "options": [{ "text": "Yes", "correct": true }, { "text": "No" }]
    },
    {
      "questionText": "Which of the following is not a valid pipe in angular?",
      "options": [
        { "text": "Curreny" },
        { "text": "Date" },
        { "text": "JSON" },
        { "text": "XML", "correct": true }
      ]
    },
    {
      "questionText": "Is Angular SPA?",
      "options": [{ "text": "True", "correct": true }, { "text": "False" }]
    }
  ]
}
